{"options":{"allowStealFocus":false,"authAPIVersion":1,"bookmarkThumbHeight":150,"bookmarkThumbWidth":90,"dropEnabled":true,"footerPanelEnabled":true,"headerPanelEnabled":true,"leftPanelEnabled":true,"limitLocales":false,"metrics":[{"type":"watch","minWidth":0,"maxWidth":312,"minHeight":0,"maxHeight":390},{"type":"mobileportrait","minWidth":312,"maxWidth":415,"minHeight":640,"maxHeight":813},{"type":"mobilelandscape","minWidth":640,"maxWidth":813,"minHeight":360,"maxHeight":415},{"type":"desktop","minWidth":800,"maxWidth":100000,"minHeight":415,"maxHeight":100000}],"multiSelectionMimeType":"application/zip","navigatorEnabled":true,"openTemplate":"http://universalviewer.io?manifest={0}","overrideFullScreen":false,"pagingEnabled":true,"pagingOptionEnabled":true,"pessimisticAccessControl":false,"preserveViewport":false,"rightPanelEnabled":true,"saveUserSettings":false,"clickToZoomEnabled":true,"searchWithinEnabled":true,"termsOfUseEnabled":true,"theme":"uv-en-GB-theme","tokenStorage":"session","useArrowKeysToNavigate":false,"zoomToSearchResultEnabled":true,"zoomToBoundsEnabled":true},"modules":{"contentLeftPanel":{"options":{"autoExpandTreeEnabled":false,"autoExpandTreeIfFewerThan":20,"branchNodesExpandOnClick":true,"branchNodesSelectable":false,"defaultToTreeEnabled":false,"defaultToTreeIfGreaterThan":0,"elideCount":40,"expandFullEnabled":true,"galleryThumbChunkedResizingThreshold":400,"galleryThumbHeight":320,"galleryThumbLoadPadding":3,"galleryThumbWidth":200,"oneColThumbHeight":320,"oneColThumbWidth":200,"pageModeEnabled":true,"panelAnimationDuration":250,"panelCollapsedWidth":30,"panelExpandedWidth":255,"panelOpen":true,"tabOrder":"","thumbsCacheInvalidation":{"enabled":true,"paramType":"?"},"thumbsEnabled":true,"thumbsExtraHeight":8,"thumbsImageFadeInDuration":300,"thumbsLoadRange":15,"treeEnabled":true,"twoColThumbHeight":150,"twoColThumbWidth":90},"content":{"collapse":"Masquer les contenus","collapseFull":"Masquer la galerie","date":"date","expand":"Afficher les contenus","expandFull":"Afficher la galerie","index":"Index","manifestRanges":"Manifestes","searchResult":"{0} résultats","searchResults":"{0} résultats","sortBy":"Trier par :","thumbnails":"Vignettes","title":"Contenus","volume":"volume"}},"dialogue":{"topCloseButtonEnabled":false,"content":{"close":"Fermer"}},"downloadDialogue":{"options":{"confinedImageSize":1000,"currentViewDisabledPercentage":90,"maxImageWidth":5000,"optionsExplanatoryTextEnabled":false,"selectionEnabled":false},"content":{"currentViewAsJpg":"Vue actuelle {0} x {1}px (jpg)","currentViewAsJpgExplanation":"Ouvre une nouvelle fenêtre","download":"Télécharger","downloadSelection":"Télécharger la sélection","downloadSelectionExplanation":"Ouvre une fenêtre pour sélectionner les pages à télécharger.","editSettings":"Modifier les paramètres","entireDocument":"Document entier ({0})","entireFileAsOriginal":"Fichier complet","noneAvailable":"Aucune option de téléchargement n'est disponible.","pagingNote":"Veuillez fermer l'affichage en double page pour accéder aux options supplémentaires.","preview":"Aperçu","title":"Télécharger","wholeImageHighRes":"Image {0} x {1}px ({2})","wholeImageHighResExplanation":"Ouvre une nouvelle fenêtre.","wholeImagesHighRes":"Images ({0})","wholeImagesHighResExplanation":"S'ouvre dans deux nouvelles fenêtres.","wholeImageLowResAsJpg":"Image {0} x {1}px (jpg)","wholeImageLowResAsJpgExplanation":"Ouvre une nouvelle fenêtre."}},"footerPanel":{"options":{"autocompleteAllowWords":false,"bookmarkEnabled":false,"downloadEnabled":true,"embedEnabled":false,"feedbackEnabled":false,"fullscreenEnabled":true,"minimiseButtons":true,"moreInfoEnabled":true,"openEnabled":false,"printEnabled":false,"shareEnabled":true},"content":{"bookmark":"Ajouter aux favoris","download":"Télécharger","embed":"Intégrer","exitFullScreen":"Quitter le mode plein écran","feedback":"Commentaire","fullScreen":"Affichage en plein écran","moreInfo":"Informations","open":"Ouvrir","share":"Partager"}},"genericDialogue":{"content":{"emptyValue":"veuillez saisir une valeur.","invalidNumber":"Veuillez saisir un nombre valide.","noMatches":"Aucune correspondance n'a été trouvée.","ok":"OK","pageNotFound":"Ce contenu ne contient pas de page avec le numéro indiqué. Veuillez essayer de basculer le mode de numérotation sur 'image'.","refresh":"Rafraîchir"}},"headerPanel":{"options":{"centerOptionsEnabled":true,"localeToggleEnabled":false,"settingsButtonEnabled":true}},"helpDialogue":{"content":{"text":"texte d'exemple","title":"Aide"}},"moreInfoRightPanel":{"options":{"canvasDisplayOrder":"","canvasExclude":"","copyToClipboardEnabled":false,"manifestDisplayOrder":"","manifestExclude":"","panelAnimationDuration":250,"panelCollapsedWidth":30,"panelExpandedWidth":255,"panelOpen":false,"rtlLanguageCodes":"ar, ara, dv, div, he, heb, ur, urd","showAllLanguages":false,"textLimit":4,"textLimitType":"lines"},"content":{"attribution":"Attribution","collapse":"Masquer les informations","collapseFull":"Masquer la galerie","description":"Description","expand":"Afficher les informations","expandFull":"Afficher la galerie","holdingText":"Votre module vient ici !","less":"moins","license":"Licence","logo":"Logo","more":"suite","noData":"Aucune donnée à afficher","page":"Page","title":"Informations","manifestHeader":"A propos du contenu","canvasHeader":"A propos de l'image","copyToClipboard":"Copier dans le presse-papiers","copiedToClipboard":"Copié dans le presse-papiers"}},"multiSelectDialogue":{"options":{"galleryThumbChunkedResizingEnabled":true,"galleryThumbChunkedResizingThreshold":400,"galleryThumbHeight":320,"galleryThumbLoadPadding":3,"galleryThumbWidth":200,"pageModeEnabled":true},"content":{"select":"Télécharger","selectAll":"Tout sélectionner","title":"Sélectionner les pages à télécharger"}},"pagingHeaderPanel":{"options":{"autoCompleteBoxEnabled":true,"autocompleteAllowWords":false,"galleryButtonEnabled":true,"imageSelectionBoxEnabled":false,"pageModeEnabled":false,"pagingToggleEnabled":true},"content":{"close":"Fermer","emptyValue":"Veuillez saisir une valeur","first":"Premier","firstImage":"Première image","firstPage":"Première page","folio":"Folio","gallery":"Gallerie","go":"Aller","help":"Aide","image":"Image","last":"Dernier","lastImage":"Dernière image","lastPage":"Dernière page","next":"Suivant","nextImage":"Prochaine image","nextPage":"Page suivante","of":"de {0}","oneUp":"Affichage en mode page simple","page":"Page","pageSearchLabel":"Recherche par numéro de page.","previous":"Précédent","previousImage":"Image précédente","previousPage":"Page précédente","settings":"Paramètres","twoUp":"Affichage double page"}},"seadragonCenterPanel":{"options":{"animationTime":0.15,"autoHideControls":true,"requiredStatementEnabled":true,"blendTime":0,"constrainDuringPan":false,"controlsFadeAfterInactive":1500,"controlsFadeDelay":250,"controlsFadeLength":250,"defaultZoomLevel":0,"immediateRender":false,"maxZoomPixelRatio":1.25,"navigatorPosition":"BOTTOM_RIGHT","pageGap":50,"showHomeControl":false,"trimAttributionCount":150,"visibilityRatio":0.5},"content":{"attribution":"Attribution","goHome":"Retour","imageUnavailable":"Image non disponible","next":"Prochain","previous":"Précédent","rotateRight":"Pivoter à droite","zoomIn":"Zoomer","zoomOut":"Dézoomer"}},"searchFooterPanel":{"options":{"elideDetailsTermsCount":20,"elideResultsTermsCount":10,"forceImageMode":false,"pageModeEnabled":true,"positionMarkerEnabled":true},"content":{"clearSearch":"Effacer","defaultLabel":"-","displaying":"{0} {1} de {2}","enterKeyword":"Saisir un mot","image":"image","imageCaps":"Image","instanceFound":"1 instance de '{0}' trouvée","instancesFound":"{0} instances de '{1}' trouvées","nextResult":"Résultat suivant","page":"page","pageCaps":"Page","previousResult":"Résultat précédent","print":"Imprimer","resultFoundFor":"résultat trouvé pour ","resultsFoundFor":"résultats trouvés pour","searchWithin":"Chercher dans ce document :"}},"settingsDialogue":{"content":{"locale":"Langues","navigatorEnabled":"Navigateur activé","clickToZoomEnabled":"Cliquer pour zoomer","pagingEnabled":"Affichage double page","preserveViewport":"Conserver le zoom","title":"Paramètres","website":"<a href='https://github.com/universalviewer/universalviewer#contributors'>informations</a>"}},"shareDialogue":{"options":{"embedTemplate":"<iframe src=\"{0}\" width=\"{1}\" height=\"{2}\" allowfullscreen frameborder=\"0\"></iframe>","instructionsEnabled":false,"shareFrameEnabled":true},"content":{"customSize":"personnalisée","embed":"Intégrer","embedInstructions":"Pour afficher ce contenu sur votre site internet, copier-collez le code ci-dessous.","height":"Hauteur","iiif":"Manifeste IIIF","share":"Partager","shareInstructions":"Pour partager ce contenu, copier l'URL ci-dessous.","size":"Taille :","width":"Largeur"}},"authDialogue":{"content":{"cancel":"Annuler","confirm":"Confirmer"}},"clickThroughDialogue":{"content":{"viewTerms":"Lire les termes et les conditions d'utilisation"}},"loginDialogue":{"content":{"login":"Connexion","logout":"Déconnexion","cancel":"Annuler"}},"mobileFooterPanel":{"content":{"rotateRight":"Pivoter à droite","moreInfo":"Informations","zoomIn":"Zoom avant","zoomOut":"Zoom arrière"}},"restrictedDialogue":{"content":{"cancel":"Annuler"}}},"localisation":{"label":"Français (FR)","locales":[{"name":"cy-GB","label":"Cymraeg"},{"name":"en-GB","label":"English (GB)"},{"name":"fr-FR","label":"Français (FR)"},{"name":"pl-PL","label":"Polski"},{"name":"sv-SE","label":"Svenska"},{"name":"xx-XX","label":"English (GB) (xx-XX)"}]},"content":{"authCORSError":"Votre navigateur ne supporte pas CORS, veuillez mettre à jour votre navigateur pour afficher ce contenu.","authorisationFailedMessage":"Votre tentative de connexion semble avoir échoué. Veuillez réessayer.","canvasIndexOutOfRange":"Valeur d'index invalide pour la balise Canvas.","fallbackDegradedLabel":"Connexion","fallbackDegradedMessage":"Connectez-vous pour visualisez ce contenu en résolution maximale.","forbiddenResourceMessage":"Vos droits d'accès ne vous permettent pas de visualiser cette image","termsOfUse":"Conditions d'utilisation"}}