{"options":{"allowStealFocus":false,"authAPIVersion":1,"bookmarkThumbHeight":150,"bookmarkThumbWidth":90,"dropEnabled":true,"footerPanelEnabled":true,"headerPanelEnabled":true,"leftPanelEnabled":true,"limitLocales":false,"metrics":[{"type":"watch","minWidth":0,"maxWidth":312,"minHeight":0,"maxHeight":390},{"type":"mobileportrait","minWidth":312,"maxWidth":415,"minHeight":640,"maxHeight":813},{"type":"mobilelandscape","minWidth":640,"maxWidth":813,"minHeight":360,"maxHeight":415},{"type":"desktop","minWidth":800,"maxWidth":100000,"minHeight":415,"maxHeight":100000}],"multiSelectionMimeType":"application/zip","navigatorEnabled":true,"openTemplate":"http://universalviewer.io?manifest={0}","overrideFullScreen":false,"pagingEnabled":true,"pagingOptionEnabled":true,"pessimisticAccessControl":false,"preserveViewport":false,"rightPanelEnabled":true,"saveUserSettings":false,"clickToZoomEnabled":true,"searchWithinEnabled":true,"termsOfUseEnabled":true,"theme":"uv-en-GB-theme","tokenStorage":"session","useArrowKeysToNavigate":false,"zoomToSearchResultEnabled":true,"zoomToBoundsEnabled":true},"modules":{"contentLeftPanel":{"options":{"autoExpandTreeEnabled":false,"autoExpandTreeIfFewerThan":20,"branchNodesExpandOnClick":true,"branchNodesSelectable":false,"defaultToTreeEnabled":false,"defaultToTreeIfGreaterThan":0,"elideCount":40,"expandFullEnabled":true,"galleryThumbChunkedResizingThreshold":400,"galleryThumbHeight":320,"galleryThumbLoadPadding":3,"galleryThumbWidth":200,"oneColThumbHeight":320,"oneColThumbWidth":200,"pageModeEnabled":true,"panelAnimationDuration":250,"panelCollapsedWidth":30,"panelExpandedWidth":255,"panelOpen":true,"tabOrder":"","thumbsCacheInvalidation":{"enabled":true,"paramType":"?"},"thumbsEnabled":true,"thumbsExtraHeight":8,"thumbsImageFadeInDuration":300,"thumbsLoadRange":15,"treeEnabled":true,"twoColThumbHeight":150,"twoColThumbWidth":90},"content":{"collapse":"Zwiń zawartość","collapseFull":"Zwiń galerię","date":"data","expand":"Rozwiń zawartość","expandFull":"Rozwiń galerię","index":"Indeks","manifestRanges":"Zakresy manifestu","searchResult":"Liczba wyników: {0}","searchResults":"Liczba wyników: {0}","sortBy":"Sortuj wg:","thumbnails":"Miniatury","title":"Zawartość","volume":"tom"}},"dialogue":{"topCloseButtonEnabled":false,"content":{"close":"Zamknij"}},"downloadDialogue":{"options":{"confinedImageSize":1000,"currentViewDisabledPercentage":90,"maxImageWidth":5000,"optionsExplanatoryTextEnabled":false,"selectionEnabled":false},"content":{"currentViewAsJpg":"Aktualny widok {0} x {1}px (jpg)","currentViewAsJpgExplanation":"Otwiera się w nowym oknie","download":"Pobierz","downloadSelection":"Pobierz wybrane strony","downloadSelectionExplanation":"Otwiera okno wyboru stron do pobrania.","editSettings":"Edytuj ustawienia","entireDocument":"Cały dokument ({0})","entireFileAsOriginal":"Cały plik","noneAvailable":"Brak dostępnych opcji pobierania.","pagingNote":"Wyłącz widok dwóch stron, aby uzyskać dodatkowe opcje.","preview":"Podgląd","title":"Pobieranie","wholeImageHighRes":"Pełny obraz {0} x {1}px ({2})","wholeImageHighResExplanation":"Otwiera się w nowym oknie.","wholeImagesHighRes":"Pełne obrazy ({0})","wholeImagesHighResExplanation":"Otwiera się w dwóch nowych oknach.","wholeImageLowResAsJpg":"Pełny obraz {0} x {1}px (jpg)","wholeImageLowResAsJpgExplanation":"Otwiera się w nowym oknie."}},"footerPanel":{"options":{"autocompleteAllowWords":false,"bookmarkEnabled":false,"downloadEnabled":true,"embedEnabled":false,"feedbackEnabled":false,"fullscreenEnabled":true,"minimiseButtons":true,"moreInfoEnabled":true,"openEnabled":false,"printEnabled":false,"shareEnabled":true},"content":{"bookmark":"Dodaj do zakładek","download":"Pobierz","embed":"Osadź","exitFullScreen":"Zamknij pełny ekran","feedback":"Feedback","fullScreen":"Pełny ekran","moreInfo":"Więcej informacji","open":"Otwórz","share":"Udostępnij"}},"genericDialogue":{"content":{"emptyValue":"proszę wprowadzić wartość.","invalidNumber":"Proszę wprowadzić poprawny numer.","noMatches":"Nie znaleziono dopasowań.","ok":"OK","pageNotFound":"Ten obiekt nie zawiera strony z wprowadzonym numerem. Spróbuj przełączyć tryb numeracji na 'obraz'.","refresh":"Odśwież"}},"headerPanel":{"options":{"centerOptionsEnabled":true,"localeToggleEnabled":false,"settingsButtonEnabled":true}},"helpDialogue":{"content":{"text":"tekst zastępczy","title":"Pomoc"}},"moreInfoRightPanel":{"options":{"canvasDisplayOrder":"","canvasExclude":"","copyToClipboardEnabled":false,"manifestDisplayOrder":"","manifestExclude":"","panelAnimationDuration":250,"panelCollapsedWidth":30,"panelExpandedWidth":255,"panelOpen":false,"rtlLanguageCodes":"ar, ara, dv, div, he, heb, ur, urd","showAllLanguages":false,"textLimit":4,"textLimitType":"lines"},"content":{"attribution":"Źródło","collapse":"Zwiń informacje","collapseFull":"Zwiń galerię","description":"Opis","expand":"Rozwiń informacje","expandFull":"Rozwiń galerię","holdingText":"Miejsce na twój moduł!","less":"mniej","license":"Licencja","logo":"Logo","more":"więcej","noData":"Brak danych do wyświetlenia","page":"Strona","title":"Więcej informacji","manifestHeader":"O obiekcie","canvasHeader":"O obrazie","copyToClipboard":"Skopiuj do schowka","copiedToClipboard":"Skopiowano do schowka"}},"multiSelectDialogue":{"options":{"galleryThumbChunkedResizingEnabled":true,"galleryThumbChunkedResizingThreshold":400,"galleryThumbHeight":320,"galleryThumbLoadPadding":3,"galleryThumbWidth":200,"pageModeEnabled":true},"content":{"select":"Pobierz","selectAll":"Zaznacz wszystko","title":"Wybierz strony do pobrania"}},"pagingHeaderPanel":{"options":{"autoCompleteBoxEnabled":true,"autocompleteAllowWords":false,"galleryButtonEnabled":true,"imageSelectionBoxEnabled":false,"pageModeEnabled":false,"pagingToggleEnabled":true},"content":{"close":"Zamknij","emptyValue":"Proszę wprowadzić wartość","first":"Pierwsza","firstImage":"Pierwszy obraz","firstPage":"Pierwsza strona","folio":"Folio","gallery":"Galeria","go":"Idź","help":"Pomoc","image":"Obraz","last":"Ostatnia","lastImage":"Ostatni obraz","lastPage":"Ostatnia strona","next":"Następna","nextImage":"Następny obraz","nextPage":"Następna strona","of":"z {0}","oneUp":"Widok pojedynczej strony","page":"Strona","pageSearchLabel":"Szukaj według numeru strony","previous":"Poprzednia","previousImage":"Poprzedni obraz","previousPage":"Poprzednia strona","settings":"Ustawienia","twoUp":"Widok dwóch stron"}},"seadragonCenterPanel":{"options":{"animationTime":0.15,"autoHideControls":true,"requiredStatementEnabled":true,"blendTime":0,"constrainDuringPan":false,"controlsFadeAfterInactive":1500,"controlsFadeDelay":250,"controlsFadeLength":250,"defaultZoomLevel":0,"immediateRender":false,"maxZoomPixelRatio":1.25,"navigatorPosition":"BOTTOM_RIGHT","pageGap":50,"showHomeControl":false,"trimAttributionCount":150,"visibilityRatio":0.5},"content":{"attribution":"Źródło","goHome":"Zobacz całą stronę","imageUnavailable":"Obraz niedostępny","next":"Następny","previous":"Poprzedni","rotateRight":"Obróć w prawo","zoomIn":"Przybliż","zoomOut":"Oddal"}},"searchFooterPanel":{"options":{"elideDetailsTermsCount":20,"elideResultsTermsCount":10,"forceImageMode":false,"pageModeEnabled":true,"positionMarkerEnabled":true},"content":{"clearSearch":"Wyczyść","defaultLabel":"-","displaying":"{0} {1} z {2}","enterKeyword":"Wprowadź słowo kluczowe","image":"obraz","imageCaps":"Obraz","instanceFound":"Znaleziono 1 wystąpienie '{0}'","instancesFound":"Znalezione wystąpienia '{1}': {0}","nextResult":"Następny wynik","page":"strona","pageCaps":"Strona","previousResult":"Poprzedni wynik","print":"Drukuj","resultFoundFor":"wynik dla","resultsFoundFor":"wyniki/wyników dla","searchWithin":"Wyszukaj w tym obiekcie:"}},"settingsDialogue":{"content":{"locale":"Język","navigatorEnabled":"Włączona nawigacja","clickToZoomEnabled":"Przybliżenie przez kliknięcie myszą","pagingEnabled":"Widok dwóch stron","preserveViewport":"Zachowanie przybliżenia","title":"Ustawienia","website":"<a href='https://github.com/universalviewer/universalviewer#contributors'>więcej informacji</a>"}},"shareDialogue":{"options":{"embedTemplate":"<iframe src=\"{0}\" width=\"{1}\" height=\"{2}\" allowfullscreen frameborder=\"0\"></iframe>","instructionsEnabled":false,"shareFrameEnabled":true},"content":{"customSize":"niestandardowy","embed":"Osadź","embedInstructions":"Aby osadzić ten obiekt na własnej witrynie, skopiuj i wklej poniższy kod.","height":"Wysokość","iiif":"Manifest IIIF","share":"Udostępnij","shareInstructions":"Aby udostępnić ten obiekt, skopiuj poniższy adres URL.","size":"Rozmiar:","width":"Szerokość"}},"authDialogue":{"content":{"cancel":"Anuluj","confirm":"Potwierdź"}},"clickThroughDialogue":{"content":{"viewTerms":"Przeczytaj pełny Regulamin"}},"loginDialogue":{"content":{"login":"Zaloguj się","logout":"Wyloguj","cancel":"Anuluj"}},"mobileFooterPanel":{"content":{"rotateRight":"Rotate Right","moreInfo":"More Information","zoomIn":"Zoom In","zoomOut":"Zoom Out"}},"restrictedDialogue":{"content":{"cancel":"Anuluj"}}},"localisation":{"label":"Polski","locales":[{"name":"cy-GB","label":"Cymraeg"},{"name":"en-GB","label":"English (GB)"},{"name":"fr-FR","label":"Français (FR)"},{"name":"pl-PL","label":"Polski"},{"name":"sv-SE","label":"Svenska"},{"name":"xx-XX","label":"English (GB) (xx-XX)"}]},"content":{"authCORSError":"Twoja przeglądarka nie obsługuje CORS. Zaktualizuj ją, aby wyświetlić tę zawartość.","authorisationFailedMessage":"Twoja próba logowania nie powidła się. Proszę spróbuj ponownie.","canvasIndexOutOfRange":"Numer kanwy poza zakresem.","fallbackDegradedLabel":"Zaloguj się","fallbackDegradedMessage":"Zaloguj się, aby zobaczyć tę treść w pełnej rozdzielczości.","forbiddenResourceMessage":"Twoje obecne prawa dostępu są niewystarczające, aby wyświetlić ten obraz","termsOfUse":"Warunki korzystania"}}